TrialConfig,Cmax,AvgUtilization,TimeMs
T01_pop50_pc0.7_pm0.1_N10_TS50_L10,525273.0000,0.8378,300107
T01_pop50_pc0.7_pm0.1_N10_TS50_L10,498613.0000,0.8378,300106
T01_pop50_pc0.7_pm0.1_N10_TS50_L10,512426.0000,0.8378,300106
T01_pop50_pc0.7_pm0.1_N10_TS50_L10,518114.2500,0.8378,300057
T01_pop50_pc0.7_pm0.1_N10_TS50_L10,529630.5000,0.8378,300057
T01_pop50_pc0.7_pm0.1_N10_TS50_L10,520915.5000,0.8378,300102
T01_pop50_pc0.7_pm0.1_N10_TS50_L10,513134.2500,0.8378,300011
T01_pop50_pc0.7_pm0.1_N10_TS50_L10,530253.0000,0.8378,300017
T01_pop50_pc0.7_pm0.1_N10_TS50_L10,515313.0000,0.8378,300012
T01_pop50_pc0.7_pm0.1_N10_TS50_L10,504108.0000,0.8378,300009
T02_pop50_pc0.7_pm0.1_N10_TS100_L20,485869.0000,0.8378,300019
T02_pop50_pc0.7_pm0.1_N10_TS100_L20,504730.5000,0.8378,300006
T02_pop50_pc0.7_pm0.1_N10_TS100_L20,520604.2500,0.8378,300026
T02_pop50_pc0.7_pm0.1_N10_TS100_L20,530875.5000,0.8378,300014
T02_pop50_pc0.7_pm0.1_N10_TS100_L20,509233.0000,0.8378,300004
T02_pop50_pc0.7_pm0.1_N10_TS100_L20,538261.0000,0.8378,300006
T02_pop50_pc0.7_pm0.1_N10_TS100_L20,511121.0000,0.8378,300009
T02_pop50_pc0.7_pm0.1_N10_TS100_L20,490724.2500,0.8378,300018
T02_pop50_pc0.7_pm0.1_N10_TS100_L20,521269.0000,0.8378,300007
T02_pop50_pc0.7_pm0.1_N10_TS100_L20,510333.0000,0.8378,300041
T03_pop50_pc0.7_pm0.1_N10_TS150_L30,516558.0000,0.8378,300023
T03_pop50_pc0.7_pm0.1_N10_TS150_L30,500684.2500,0.8378,300013
T03_pop50_pc0.7_pm0.1_N10_TS150_L30,529347.0000,0.7885,300015
T03_pop50_pc0.7_pm0.1_N10_TS150_L30,494459.2500,0.8378,300017
T03_pop50_pc0.7_pm0.1_N10_TS150_L30,498816.7500,0.8378,300008
T03_pop50_pc0.7_pm0.1_N10_TS150_L30,513756.7500,0.8378,300015
T03_pop50_pc0.7_pm0.1_N10_TS150_L30,508289.0000,0.8378,300012
T03_pop50_pc0.7_pm0.1_N10_TS150_L30,533054.2500,0.8378,300018
T03_pop50_pc0.7_pm0.1_N10_TS150_L30,492005.0000,0.8378,300014
T03_pop50_pc0.7_pm0.1_N10_TS150_L30,500265.0000,0.8378,300023
T04_pop50_pc0.8_pm0.2_N20_TS50_L10,522783.0000,0.8378,300037
T04_pop50_pc0.8_pm0.2_N20_TS50_L10,503796.7500,0.8378,300012
T04_pop50_pc0.8_pm0.2_N20_TS50_L10,510021.7500,0.8378,300006
T04_pop50_pc0.8_pm0.2_N20_TS50_L10,519981.7500,0.8378,300041
T04_pop50_pc0.8_pm0.2_N20_TS50_L10,528474.0000,0.8378,300056
T04_pop50_pc0.8_pm0.2_N20_TS50_L10,521849.2500,0.8378,300012
T04_pop50_pc0.8_pm0.2_N20_TS50_L10,506286.7500,0.8378,300032
T04_pop50_pc0.8_pm0.2_N20_TS50_L10,536609.0000,0.8378,300032
T04_pop50_pc0.8_pm0.2_N20_TS50_L10,501445.0000,0.8378,300009
T04_pop50_pc0.8_pm0.2_N20_TS50_L10,495073.0000,0.8378,300026
T05_pop50_pc0.8_pm0.2_N20_TS100_L20,514189.0000,0.8378,300018
T05_pop50_pc0.8_pm0.2_N20_TS100_L20,508465.5000,0.8378,300032
T05_pop50_pc0.8_pm0.2_N20_TS100_L20,514068.0000,0.8378,300029
T05_pop50_pc0.8_pm0.2_N20_TS100_L20,515369.0000,0.8378,300070
T05_pop50_pc0.8_pm0.2_N20_TS100_L20,519145.0000,0.8378,300041
T05_pop50_pc0.8_pm0.2_N20_TS100_L20,505041.7500,0.8378,300015
T05_pop50_pc0.8_pm0.2_N20_TS100_L20,513481.0000,0.8378,300018
T05_pop50_pc0.8_pm0.2_N20_TS100_L20,518736.7500,0.8378,300015
T05_pop50_pc0.8_pm0.2_N20_TS100_L20,521538.0000,0.8378,300016
T05_pop50_pc0.8_pm0.2_N20_TS100_L20,492241.0000,0.8378,300010
T06_pop50_pc0.8_pm0.2_N20_TS150_L30,507706.0000,0.8378,300042
T06_pop50_pc0.8_pm0.2_N20_TS150_L30,521866.0000,0.7885,300015
T06_pop50_pc0.8_pm0.2_N20_TS150_L30,518736.7500,0.8378,300011
T06_pop50_pc0.8_pm0.2_N20_TS150_L30,527451.7500,0.8378,300034
T06_pop50_pc0.8_pm0.2_N20_TS150_L30,512773.0000,0.8378,300014
T06_pop50_pc0.8_pm0.2_N20_TS150_L30,506598.0000,0.8378,300015
T06_pop50_pc0.8_pm0.2_N20_TS150_L30,521033.0000,0.8378,300020
T06_pop50_pc0.8_pm0.2_N20_TS150_L30,487521.0000,0.8378,300032
T06_pop50_pc0.8_pm0.2_N20_TS150_L30,532361.0000,0.8378,300019
T06_pop50_pc0.8_pm0.2_N20_TS150_L30,513009.0000,0.8378,300061
T07_pop50_pc0.9_pm0.2_N30_TS50_L10,520561.0000,0.8378,300036
T07_pop50_pc0.9_pm0.2_N30_TS50_L10,523865.0000,0.8378,300029
T07_pop50_pc0.9_pm0.2_N30_TS50_L10,520915.5000,0.8378,300102
T07_pop50_pc0.9_pm0.2_N30_TS50_L10,516869.2500,0.7885,300031
T07_pop50_pc0.9_pm0.2_N30_TS50_L10,506286.7500,0.8378,300014
T07_pop50_pc0.9_pm0.2_N30_TS50_L10,500061.7500,0.8378,300015
T07_pop50_pc0.9_pm0.2_N30_TS50_L10,515001.7500,0.8378,300028
T07_pop50_pc0.9_pm0.2_N30_TS50_L10,505975.5000,0.7885,300051
T07_pop50_pc0.9_pm0.2_N30_TS50_L10,496638.0000,0.8378,300026
T07_pop50_pc0.9_pm0.2_N30_TS50_L10,522921.0000,0.8378,300066
T08_pop50_pc0.9_pm0.2_N30_TS100_L20,501681.0000,0.8378,300015
T08_pop50_pc0.9_pm0.2_N30_TS100_L20,513953.0000,0.8378,300016
T08_pop50_pc0.9_pm0.2_N30_TS100_L20,506637.0000,0.8378,300048
T08_pop50_pc0.9_pm0.2_N30_TS100_L20,511266.7500,0.8378,300027
T08_pop50_pc0.9_pm0.2_N30_TS100_L20,541146.7500,0.8378,300039
T08_pop50_pc0.9_pm0.2_N30_TS100_L20,522213.0000,0.8378,300057
T08_pop50_pc0.9_pm0.2_N30_TS100_L20,523405.5000,0.8378,300067
T08_pop50_pc0.9_pm0.2_N30_TS100_L20,517803.0000,0.8378,300021
T08_pop50_pc0.9_pm0.2_N30_TS100_L20,537411.7500,0.8378,300031
T08_pop50_pc0.9_pm0.2_N30_TS100_L20,508465.5000,0.8378,300030
T09_pop50_pc0.9_pm0.2_N30_TS150_L30,535855.5000,0.8378,300111
T09_pop50_pc0.9_pm0.2_N30_TS150_L30,525612.0000,0.7885,300078
T09_pop50_pc0.9_pm0.2_N30_TS150_L30,522160.5000,0.8378,300013
T09_pop50_pc0.9_pm0.2_N30_TS150_L30,525753.0000,0.8378,300050
T09_pop50_pc0.9_pm0.2_N30_TS150_L30,507220.5000,0.8378,300056
T09_pop50_pc0.9_pm0.2_N30_TS150_L30,525584.2500,0.8378,300050
T09_pop50_pc0.9_pm0.2_N30_TS150_L30,510649.0000,0.8378,300009
T09_pop50_pc0.9_pm0.2_N30_TS150_L30,486341.0000,0.8378,300022
T09_pop50_pc0.9_pm0.2_N30_TS150_L30,531778.0000,0.7885,300034
T09_pop50_pc0.9_pm0.2_N30_TS150_L30,499085.0000,0.8378,300039
T10_pop100_pc0.7_pm0.2_N30_TS50_L20,509469.0000,0.8378,300043
T10_pop100_pc0.7_pm0.2_N30_TS50_L20,522499.5000,0.7885,300028
T10_pop100_pc0.7_pm0.2_N30_TS50_L20,535554.0000,0.7885,300053
T10_pop100_pc0.7_pm0.2_N30_TS50_L20,533365.5000,0.8378,300087
T10_pop100_pc0.7_pm0.2_N30_TS50_L20,496949.2500,0.8378,300055
T10_pop100_pc0.7_pm0.2_N30_TS50_L20,508525.0000,0.8378,300030
T10_pop100_pc0.7_pm0.2_N30_TS50_L20,522213.0000,0.8378,300076
T10_pop100_pc0.7_pm0.2_N30_TS50_L20,517965.0000,0.8378,300042
T10_pop100_pc0.7_pm0.2_N30_TS50_L20,505221.0000,0.8378,300097
T10_pop100_pc0.7_pm0.2_N30_TS50_L20,521977.0000,0.8378,300041
T11_pop100_pc0.7_pm0.2_N30_TS100_L30,514379.2500,0.8378,300054
T11_pop100_pc0.7_pm0.2_N30_TS100_L30,512200.5000,0.8378,300029
T11_pop100_pc0.7_pm0.2_N30_TS100_L30,505457.0000,0.8378,300018
T11_pop100_pc0.7_pm0.2_N30_TS100_L30,495704.2500,0.8378,300088
T11_pop100_pc0.7_pm0.2_N30_TS100_L30,505221.0000,0.8378,300081
T11_pop100_pc0.7_pm0.2_N30_TS100_L30,502551.7500,0.8378,300036
T11_pop100_pc0.7_pm0.2_N30_TS100_L30,490413.0000,0.8378,300042
T11_pop100_pc0.7_pm0.2_N30_TS100_L30,497905.0000,0.8378,300021
T11_pop100_pc0.7_pm0.2_N30_TS100_L30,514425.0000,0.8378,300113
T11_pop100_pc0.7_pm0.2_N30_TS100_L30,510021.7500,0.8378,300046
T12_pop100_pc0.7_pm0.2_N30_TS150_L10,528074.2500,0.8378,300045
T12_pop100_pc0.7_pm0.2_N30_TS150_L10,513445.5000,0.8378,300067
T12_pop100_pc0.7_pm0.2_N30_TS150_L10,529941.7500,0.8378,300022
T12_pop100_pc0.7_pm0.2_N30_TS150_L10,487611.7500,0.8378,300098
T12_pop100_pc0.7_pm0.2_N30_TS150_L10,494459.2500,0.8378,300059
T12_pop100_pc0.7_pm0.2_N30_TS150_L10,510644.2500,0.7885,300029
T12_pop100_pc0.7_pm0.2_N30_TS150_L10,498377.0000,0.8378,300095
T12_pop100_pc0.7_pm0.2_N30_TS150_L10,520561.0000,0.8378,300025
T12_pop100_pc0.7_pm0.2_N30_TS150_L10,522685.0000,0.8378,300077
T12_pop100_pc0.7_pm0.2_N30_TS150_L10,538622.0000,0.7885,300026
T13_pop100_pc0.8_pm0.2_N10_TS50_L20,504749.0000,0.8378,300028
T13_pop100_pc0.8_pm0.2_N10_TS50_L20,493525.5000,0.8378,300040
T13_pop100_pc0.8_pm0.2_N10_TS50_L20,515841.0000,0.8378,300012
T13_pop100_pc0.8_pm0.2_N10_TS50_L20,510177.0000,0.8378,300044
T13_pop100_pc0.8_pm0.2_N10_TS50_L20,514425.0000,0.8378,300012
T13_pop100_pc0.8_pm0.2_N10_TS50_L20,515313.0000,0.8378,300020
T13_pop100_pc0.8_pm0.2_N10_TS50_L20,503805.0000,0.8378,300032
T13_pop100_pc0.8_pm0.2_N10_TS50_L20,505664.2500,0.8378,300046
T13_pop100_pc0.8_pm0.2_N10_TS50_L20,508154.2500,0.8378,300013
T13_pop100_pc0.8_pm0.2_N10_TS50_L20,531542.0000,0.7885,300028
T14_pop100_pc0.8_pm0.2_N10_TS100_L30,515966.0000,0.8378,300036
T14_pop100_pc0.8_pm0.2_N10_TS100_L30,504730.5000,0.8378,300032
T14_pop100_pc0.8_pm0.2_N10_TS100_L30,522213.0000,0.8378,300043
T14_pop100_pc0.8_pm0.2_N10_TS100_L30,506881.5000,0.8378,300031
T14_pop100_pc0.8_pm0.2_N10_TS100_L30,498505.5000,0.8378,300027
T14_pop100_pc0.8_pm0.2_N10_TS100_L30,504730.5000,0.8378,300048
T14_pop100_pc0.8_pm0.2_N10_TS100_L30,509088.0000,0.8378,300045
T14_pop100_pc0.8_pm0.2_N10_TS100_L30,508776.7500,0.8378,300059
T14_pop100_pc0.8_pm0.2_N10_TS100_L30,531809.2500,0.8378,300011
T14_pop100_pc0.8_pm0.2_N10_TS100_L30,497433.0000,0.8378,300089
T15_pop100_pc0.8_pm0.2_N10_TS150_L10,510021.7500,0.8378,300049
T15_pop100_pc0.8_pm0.2_N10_TS150_L10,499557.0000,0.8378,300050
T15_pop100_pc0.8_pm0.2_N10_TS150_L10,506286.7500,0.8378,300011
T15_pop100_pc0.8_pm0.2_N10_TS150_L10,499750.5000,0.8378,300034
T15_pop100_pc0.8_pm0.2_N10_TS150_L10,511482.0000,0.8378,300060
T15_pop100_pc0.8_pm0.2_N10_TS150_L10,514189.0000,0.8378,300041
T15_pop100_pc0.8_pm0.2_N10_TS150_L10,505353.0000,0.8378,300030
T15_pop100_pc0.8_pm0.2_N10_TS150_L10,522449.0000,0.7885,300043
T15_pop100_pc0.8_pm0.2_N10_TS150_L10,499750.5000,0.8378,300011
T15_pop100_pc0.8_pm0.2_N10_TS150_L10,496725.0000,0.8378,300031
T16_pop100_pc0.9_pm0.1_N20_TS50_L20,515605.0000,0.8378,300038
T16_pop100_pc0.9_pm0.1_N20_TS50_L20,531186.7500,0.8378,300047
T16_pop100_pc0.9_pm0.1_N20_TS50_L20,518090.0000,0.7885,300039
T16_pop100_pc0.9_pm0.1_N20_TS50_L20,517493.0000,0.8378,300032
T16_pop100_pc0.9_pm0.1_N20_TS50_L20,505975.5000,0.8378,300054
T16_pop100_pc0.9_pm0.1_N20_TS50_L20,509115.7500,0.7885,300026
T16_pop100_pc0.9_pm0.1_N20_TS50_L20,523865.0000,0.8378,300036
T16_pop100_pc0.9_pm0.1_N20_TS50_L20,497669.0000,0.8378,300041
T16_pop100_pc0.9_pm0.1_N20_TS50_L20,525584.2500,0.8378,300040
T16_pop100_pc0.9_pm0.1_N20_TS50_L20,525878.0000,0.7885,300025
T17_pop100_pc0.9_pm0.1_N20_TS100_L30,524339.2500,0.8378,300037
T17_pop100_pc0.9_pm0.1_N20_TS100_L30,511593.0000,0.7885,300118
T17_pop100_pc0.9_pm0.1_N20_TS100_L30,515133.0000,0.8378,300027
T17_pop100_pc0.9_pm0.1_N20_TS100_L30,516313.0000,0.8378,300051
T17_pop100_pc0.9_pm0.1_N20_TS100_L30,487285.0000,0.8378,300029
T17_pop100_pc0.9_pm0.1_N20_TS100_L30,519670.5000,0.8378,300019
T17_pop100_pc0.9_pm0.1_N20_TS100_L30,511357.0000,0.8378,300048
T17_pop100_pc0.9_pm0.1_N20_TS100_L30,495704.2500,0.8378,300025
T17_pop100_pc0.9_pm0.1_N20_TS100_L30,485744.2500,0.8378,300010
T17_pop100_pc0.9_pm0.1_N20_TS100_L30,519670.5000,0.8378,300029
T18_pop100_pc0.9_pm0.1_N20_TS150_L10,537678.0000,0.7885,300013
T18_pop100_pc0.9_pm0.1_N20_TS150_L10,502240.5000,0.8378,300084
T18_pop100_pc0.9_pm0.1_N20_TS150_L10,533365.5000,0.8378,300047
T18_pop100_pc0.9_pm0.1_N20_TS150_L10,515001.7500,0.8378,300071
T18_pop100_pc0.9_pm0.1_N20_TS150_L10,498141.0000,0.8378,300038
T18_pop100_pc0.9_pm0.1_N20_TS150_L10,519381.0000,0.8378,300019
T18_pop100_pc0.9_pm0.1_N20_TS150_L10,532431.7500,0.8378,300056
T18_pop100_pc0.9_pm0.1_N20_TS150_L10,511121.0000,0.8378,300037
T18_pop100_pc0.9_pm0.1_N20_TS150_L10,495309.0000,0.8378,300015
T18_pop100_pc0.9_pm0.1_N20_TS150_L10,523405.5000,0.8378,300031
T19_pop150_pc0.7_pm0.2_N20_TS50_L30,517803.0000,0.8378,300090
T19_pop150_pc0.7_pm0.2_N20_TS50_L30,495704.2500,0.8378,300110
T19_pop150_pc0.7_pm0.2_N20_TS50_L30,493214.2500,0.8378,300059
T19_pop150_pc0.7_pm0.2_N20_TS50_L30,519670.5000,0.8378,300031
T19_pop150_pc0.7_pm0.2_N20_TS50_L30,490117.0000,0.8378,300072
T19_pop150_pc0.7_pm0.2_N20_TS50_L30,510021.7500,0.8378,300094
T19_pop150_pc0.7_pm0.2_N20_TS50_L30,510885.0000,0.8378,300123
T19_pop150_pc0.7_pm0.2_N20_TS50_L30,516549.0000,0.8378,300078
T19_pop150_pc0.7_pm0.2_N20_TS50_L30,508154.2500,0.8378,300152
T19_pop150_pc0.7_pm0.2_N20_TS50_L30,505353.0000,0.8378,300046
T20_pop150_pc0.7_pm0.2_N20_TS100_L10,504749.0000,0.8378,300013
T20_pop150_pc0.7_pm0.2_N20_TS100_L10,495309.0000,0.8378,300060
T20_pop150_pc0.7_pm0.2_N20_TS100_L10,514661.0000,0.8378,300034
T20_pop150_pc0.7_pm0.2_N20_TS100_L10,481698.0000,0.8378,300110
T20_pop150_pc0.7_pm0.2_N20_TS100_L10,511605.7500,0.8378,300022
T20_pop150_pc0.7_pm0.2_N20_TS100_L10,501618.0000,0.8378,300070
T20_pop150_pc0.7_pm0.2_N20_TS100_L10,510649.0000,0.8378,300071
T20_pop150_pc0.7_pm0.2_N20_TS100_L10,510177.0000,0.8378,300127
T20_pop150_pc0.7_pm0.2_N20_TS100_L10,516077.0000,0.8378,300098
T20_pop150_pc0.7_pm0.2_N20_TS100_L10,506401.0000,0.8378,300086
T21_pop150_pc0.7_pm0.2_N20_TS150_L20,502389.0000,0.8378,300067
T21_pop150_pc0.7_pm0.2_N20_TS150_L20,510644.2500,0.8378,300101
T21_pop150_pc0.7_pm0.2_N20_TS150_L20,517257.0000,0.7885,300049
T21_pop150_pc0.7_pm0.2_N20_TS150_L20,515494.0000,0.7885,300054
T21_pop150_pc0.7_pm0.2_N20_TS150_L20,506401.0000,0.8378,300071
T21_pop150_pc0.7_pm0.2_N20_TS150_L20,501618.0000,0.8378,300126
T21_pop150_pc0.7_pm0.2_N20_TS150_L20,504447.0000,0.8378,300037
T21_pop150_pc0.7_pm0.2_N20_TS150_L20,505975.5000,0.8378,300077
T21_pop150_pc0.7_pm0.2_N20_TS150_L20,507531.7500,0.8378,300026
T21_pop150_pc0.7_pm0.2_N20_TS150_L20,518909.0000,0.8378,300029
T22_pop150_pc0.8_pm0.1_N30_TS50_L30,508465.5000,0.8378,300014
T22_pop150_pc0.8_pm0.1_N30_TS50_L30,526206.7500,0.8378,300049
T22_pop150_pc0.8_pm0.1_N30_TS50_L30,527763.0000,0.8378,300101
T22_pop150_pc0.8_pm0.1_N30_TS50_L30,518114.2500,0.8378,300021
T22_pop150_pc0.8_pm0.1_N30_TS50_L30,522160.5000,0.8378,300038
T22_pop150_pc0.8_pm0.1_N30_TS50_L30,512301.0000,0.7885,300106
T22_pop150_pc0.8_pm0.1_N30_TS50_L30,496961.0000,0.8378,300052
T22_pop150_pc0.8_pm0.1_N30_TS50_L30,496015.5000,0.8378,300033
T22_pop150_pc0.8_pm0.1_N30_TS50_L30,524028.0000,0.8378,300071
T22_pop150_pc0.8_pm0.1_N30_TS50_L30,528821.0000,0.8378,300082
T23_pop150_pc0.8_pm0.1_N30_TS100_L10,500684.2500,0.8378,300087
T23_pop150_pc0.8_pm0.1_N30_TS100_L10,516785.0000,0.8378,300031
T23_pop150_pc0.8_pm0.1_N30_TS100_L10,519853.0000,0.8378,300053
T23_pop150_pc0.8_pm0.1_N30_TS100_L10,517729.0000,0.8378,300021
T23_pop150_pc0.8_pm0.1_N30_TS100_L10,494601.0000,0.8378,300046
T23_pop150_pc0.8_pm0.1_N30_TS100_L10,505975.5000,0.8378,300095
T23_pop150_pc0.8_pm0.1_N30_TS100_L10,530001.0000,0.8378,300082
T23_pop150_pc0.8_pm0.1_N30_TS100_L10,504419.2500,0.8378,300128
T23_pop150_pc0.8_pm0.1_N30_TS100_L10,486688.0000,0.8378,300061
T23_pop150_pc0.8_pm0.1_N30_TS100_L10,494601.0000,0.8378,300121
T24_pop150_pc0.8_pm0.1_N30_TS150_L20,517803.0000,0.8378,300089
T24_pop150_pc0.8_pm0.1_N30_TS150_L20,503174.2500,0.8378,300093
T24_pop150_pc0.8_pm0.1_N30_TS150_L20,498141.0000,0.8378,300027
T24_pop150_pc0.8_pm0.1_N30_TS150_L20,504985.0000,0.7885,300030
T24_pop150_pc0.8_pm0.1_N30_TS150_L20,497197.0000,0.8378,300089
T24_pop150_pc0.8_pm0.1_N30_TS150_L20,500973.0000,0.8378,300099
T24_pop150_pc0.8_pm0.1_N30_TS150_L20,498141.0000,0.8378,300032
T24_pop150_pc0.8_pm0.1_N30_TS150_L20,493525.5000,0.8378,300021
T24_pop150_pc0.8_pm0.1_N30_TS150_L20,496961.0000,0.8378,300031
T24_pop150_pc0.8_pm0.1_N30_TS150_L20,505457.0000,0.8378,300080
T25_pop150_pc0.9_pm0.2_N10_TS50_L30,496326.7500,0.8378,300030
T25_pop150_pc0.9_pm0.2_N10_TS50_L30,501929.2500,0.8378,300076
T25_pop150_pc0.9_pm0.2_N10_TS50_L30,503333.0000,0.8378,300046
T25_pop150_pc0.9_pm0.2_N10_TS50_L30,512823.0000,0.8378,300017
T25_pop150_pc0.9_pm0.2_N10_TS50_L30,514425.0000,0.8378,300029
T25_pop150_pc0.9_pm0.2_N10_TS50_L30,505975.5000,0.8378,300103
T25_pop150_pc0.9_pm0.2_N10_TS50_L30,501929.2500,0.8378,300043
T25_pop150_pc0.9_pm0.2_N10_TS50_L30,494459.2500,0.8378,300050
T25_pop150_pc0.9_pm0.2_N10_TS50_L30,488856.7500,0.8378,300042
T25_pop150_pc0.9_pm0.2_N10_TS50_L30,503485.5000,0.8378,300022
T26_pop150_pc0.9_pm0.2_N10_TS100_L10,504277.0000,0.7885,300022
T26_pop150_pc0.9_pm0.2_N10_TS100_L10,523094.2500,0.8378,300063
T26_pop150_pc0.9_pm0.2_N10_TS100_L10,516558.0000,0.8378,300044
T26_pop150_pc0.9_pm0.2_N10_TS100_L10,523865.0000,0.8378,300029
T26_pop150_pc0.9_pm0.2_N10_TS100_L10,516558.0000,0.8378,300043
T26_pop150_pc0.9_pm0.2_N10_TS100_L10,493657.0000,0.8378,300017
T26_pop150_pc0.9_pm0.2_N10_TS100_L10,524339.2500,0.8378,300022
T26_pop150_pc0.9_pm0.2_N10_TS100_L10,506401.0000,0.8378,300036
T26_pop150_pc0.9_pm0.2_N10_TS100_L10,489479.2500,0.8378,300016
T26_pop150_pc0.9_pm0.2_N10_TS100_L10,506598.0000,0.8378,300019
T27_pop150_pc0.9_pm0.2_N10_TS150_L20,508154.2500,0.8378,300055
T27_pop150_pc0.9_pm0.2_N10_TS150_L20,508465.5000,0.8378,300014
T27_pop150_pc0.9_pm0.2_N10_TS150_L20,528821.0000,0.8378,300044
T27_pop150_pc0.9_pm0.2_N10_TS150_L20,516869.2500,0.8378,300017
T27_pop150_pc0.9_pm0.2_N10_TS150_L20,501929.2500,0.8378,300042
T27_pop150_pc0.9_pm0.2_N10_TS150_L20,491346.7500,0.8378,300039
T27_pop150_pc0.9_pm0.2_N10_TS150_L20,485121.7500,0.8378,300037
T27_pop150_pc0.9_pm0.2_N10_TS150_L20,511578.0000,0.8378,300047
T27_pop150_pc0.9_pm0.2_N10_TS150_L20,509710.5000,0.8378,300054
T27_pop150_pc0.9_pm0.2_N10_TS150_L20,508525.0000,0.8378,300023
