算例,算法,平均Cmax,最优Cmax,最差Cmax,标准差,平均利用率,平均时间(ms)
2M10J-01,GA-TS,64230.5500,58417.0000,71954.2500,6348.2360,0.7157,300151.80
2M10J-01,GA-GA,58417.0000,58417.0000,58417.0000,0.0000,0.8258,314556.80
2M10J-01,GA-ACO,60428.1750,58417.0000,72549.0000,4137.4426,0.8258,320937.70
2M10J-01,ALNS,58417.0000,58417.0000,58417.0000,0.0000,0.0000,300002.40
2M10J-02,GA-TS,92469.0000,92469.0000,92469.0000,0.0000,0.6244,300002.70
2M10J-02,GA-GA,92469.0000,92469.0000,92469.0000,0.0000,0.6244,312482.90
2M10J-02,GA-ACO,92469.0000,92469.0000,92469.0000,0.0000,0.6244,323576.80
2M10J-02,ALNS,92469.0000,92469.0000,92469.0000,0.0000,0.0000,300076.80
2M10J-03,GA-TS,85306.9000,66913.0000,88111.5000,6278.2380,0.7136,300003.30
2M10J-03,GA-GA,74022.9000,66913.0000,84687.7500,8707.8136,0.8563,310639.50
2M10J-03,GA-ACO,77764.6000,66913.0000,85310.2500,8863.5738,0.8563,321414.50
2M10J-03,ALNS,66913.0000,66913.0000,66913.0000,0.0000,0.0000,300000.20
2M10J-04,GA-TS,82695.7500,69436.5000,84376.5000,4435.0668,0.6685,300003.00
2M10J-04,GA-GA,68152.9500,64081.0000,79085.2500,5846.4522,0.8720,310537.00
2M10J-04,GA-ACO,71802.0000,69436.5000,83442.7500,4830.2952,0.8720,319281.20
2M10J-04,ALNS,72124.9000,64081.0000,79097.7000,7135.4362,0.0000,300001.20
2M20J-01,GA-TS,158008.5000,152831.0000,163215.0000,3207.4183,0.7709,300010.10
2M20J-01,GA-GA,148907.7500,144571.0000,151323.0000,1920.5432,0.7709,328755.70
2M20J-01,GA-ACO,160591.1250,154435.5000,170059.0000,4357.6475,0.7709,361460.10
2M20J-01,ALNS,144139.3500,143853.0000,145098.0000,354.1144,0.0000,300001.80
2M20J-02,GA-TS,127363.3000,122688.0000,130158.0000,2365.7631,0.7115,300002.10
2M20J-02,GA-GA,123136.9750,120820.5000,125094.0000,1395.5049,0.7115,334669.20
2M20J-02,GA-ACO,129411.1000,125094.0000,134204.2500,2701.2471,0.7115,361806.00
2M20J-02,ALNS,113507.3700,113350.5000,114919.2000,470.6100,0.0000,300002.90
2M20J-03,GA-TS,140097.7500,131091.7500,154435.5000,6547.1138,0.8218,300004.00
2M20J-03,GA-GA,132465.9250,130050.0000,138873.0000,2460.1011,0.8218,329224.30
2M20J-03,GA-ACO,147829.7500,141674.2500,151011.7500,3530.9911,0.7725,368942.70
2M20J-03,ALNS,130222.6800,130050.0000,130481.7000,211.4889,0.0000,300002.20
2M20J-04,GA-TS,141620.5250,133893.0000,146343.0000,4248.3787,0.7912,300011.20
2M20J-04,GA-GA,134545.5750,127045.5000,141975.0000,4298.5062,0.8077,337075.70
2M20J-04,GA-ACO,141658.1250,135760.5000,146343.0000,3201.9886,0.7748,375132.10
2M20J-04,ALNS,122970.0000,122970.0000,122970.0000,0.0000,0.0000,300002.80
2M40J-01,GA-TS,267432.5750,257393.0000,277925.0000,5381.5723,0.7864,300014.40
2M40J-01,GA-GA,251019.7250,247243.5000,255336.0000,2596.5873,0.7944,397163.30
2M40J-01,GA-ACO,278166.7000,266125.0000,288017.2500,5990.1049,0.7467,575871.50
2M40J-01,ALNS,230460.2600,228837.0000,232266.0000,914.3785,0.0000,300015.30
2M40J-02,GA-TS,259558.8000,252846.0000,266361.0000,3722.5243,0.8293,300011.20
2M40J-02,GA-GA,249795.0500,245970.7500,255647.2500,3007.1057,0.8293,391103.10
2M40J-02,GA-ACO,273099.9750,266541.0000,279341.0000,4004.0437,0.7832,553980.30
2M40J-02,ALNS,223738.8200,221396.0000,227631.9000,1949.8919,0.0000,300029.80
2M40J-03,GA-TS,300983.2000,295176.0000,309785.0000,4585.4363,0.7749,300010.50
2M40J-03,GA-GA,282503.2000,280521.0000,284904.7500,1460.2634,0.8423,395508.70
2M40J-03,GA-ACO,310791.2750,302957.2500,318547.5000,4407.2185,0.7443,521447.90
2M40J-03,ALNS,253475.0200,248897.0000,257629.0000,2632.5637,0.0000,300018.00
2M40J-04,GA-TS,259431.5000,248149.5000,264112.0000,5683.4188,0.8236,300011.70
2M40J-04,GA-GA,239955.8250,235084.0000,244103.2500,2265.9021,0.9026,384061.70
2M40J-04,GA-ACO,275246.4000,266361.0000,285949.0000,5444.6342,0.7634,528908.40
2M40J-04,ALNS,228523.0400,218800.0000,231989.4000,4169.6926,0.0000,300020.10
3M60J-01,GA-TS,441876.2050,433360.8000,451432.8000,5500.9652,0.7889,300024.10
3M60J-01,GA-GA,481183.9100,423120.9000,631467.2000,58698.7365,0.7950,426956.20
3M60J-01,GA-ACO,615050.5700,465336.9000,716807.2000,79700.5317,0.7324,779424.60
3M60J-01,ALNS,364535.4400,358012.2000,375813.8000,5294.6185,0.0000,300103.20
3M60J-02,GA-TS,369092.6050,362383.5000,378140.8000,5102.6074,0.7934,300024.30
3M60J-02,GA-GA,442743.2400,363443.4000,519019.2000,51921.7489,0.8056,449498.60
3M60J-02,GA-ACO,556655.7350,391460.2000,685683.2000,110232.5854,0.7471,844726.70
3M60J-02,ALNS,301504.2000,298248.6000,309733.8000,3111.9052,0.0000,300072.00
3M60J-03,GA-TS,356411.2900,350028.8000,367002.1500,4624.0691,0.8069,300034.80
3M60J-03,GA-GA,464648.8800,385168.8000,603355.2000,69710.6528,0.8092,445829.90
3M60J-03,GA-ACO,588199.6800,452436.8000,669619.2000,76950.3546,0.7528,843387.20
3M60J-03,ALNS,294682.3900,290868.3000,296816.8000,1495.0546,0.0000,300179.90
3M60J-04,GA-TS,384436.2550,375128.8000,390469.5000,4858.4374,0.8023,300057.40
3M60J-04,GA-GA,471626.7500,383663.5000,610383.2000,71429.1477,0.8088,421108.30
3M60J-04,GA-ACO,653222.1600,527736.8000,725843.2000,62760.2665,0.7495,849278.40
3M60J-04,ALNS,312530.1400,307785.0000,315668.3000,2399.4399,0.0000,300139.90
4M80J-01,GA-TS,226908.7094,222817.4000,231754.8000,2565.7838,0.7666,300044.70
4M80J-01,GA-GA,292202.8600,262363.7000,316453.5000,18598.9122,0.7906,471180.70
4M80J-01,GA-ACO,340171.9400,304590.4000,361630.4000,17011.9543,0.7369,778366.70
4M80J-01,ALNS,171499.0600,168313.6000,174599.8000,1951.2199,0.0000,300374.50
4M80J-02,GA-TS,211775.9200,204374.5000,218215.8000,4591.6901,0.7746,300021.40
4M80J-02,GA-GA,281500.7400,237642.8000,306858.5000,20195.5172,0.7992,499422.10
4M80J-02,GA-ACO,323907.7400,264506.8000,359803.7000,29784.7577,0.7351,765476.00
4M80J-02,ALNS,164508.1200,161059.3000,167539.0000,2360.9199,0.0000,300255.30
4M80J-03,GA-TS,243114.8212,230664.0000,250154.8000,5424.8779,0.7562,300034.70
4M80J-03,GA-GA,313301.2500,276114.0000,362408.5000,22973.0977,0.7607,470329.60
4M80J-03,GA-ACO,370061.6800,330593.5000,405807.6000,24711.2111,0.7284,840816.50
4M80J-03,ALNS,191142.3100,186386.5000,194097.0000,2241.8943,0.0000,300190.20
4M80J-04,GA-TS,214988.1624,210027.6471,224099.0000,3915.4176,0.7804,300040.80
4M80J-04,GA-GA,280023.0100,240586.8000,320414.4000,30418.2128,0.7957,440434.10
4M80J-04,GA-ACO,326303.2200,280698.8000,352430.4000,21013.3521,0.7232,786197.60
4M80J-04,ALNS,171573.0400,168128.4000,175619.0000,2125.8807,0.0000,300208.00
